method,active_layers,rank,runs,best_acc_mean,best_acc_std,final_acc_mean,final_acc_std
Random-top4-r15,"0,2,4,7",15,3,0.921630,0.003186,0.918928,0.005163
Random-top4-r15,"0,5,7,11",15,3,0.919188,0.005406,0.917530,0.004402
Random-top4-r15,"1,3,5,8",15,3,0.926263,0.005476,0.922904,0.005960
Random-top4-r15,"1,6,8,10",15,3,0.928576,0.006149,0.924784,0.008260
Random-top4-r15,"2,4,6,10",15,3,0.927551,0.006904,0.925865,0.008833
